State,8-bit Binary Word,Desired Phase (deg),Measured Phase at 2.4 GHz (deg),Optimum 9-bit Word (decimal),Optimum 9-bit Word (binary),Optimized Phase at 2.4 GHz (deg)
0,00000000,0,0,0,000000000,0
1,00000001,1.40625,0.83,257,100000001,1.56
2,00000010,2.8125,2.71,2,000000010,2.71
3,00000011,4.21875,3.58,259,100000011,4.3
4,00000100,5.625,5.82,4,000000100,5.82
5,00000101,7.03125,6.6,261,100000101,7.36
6,00000110,8.4375,8.83,6,000000110,8.83
7,00000111,9.84375,9.69,7,000000111,9.69
8,00001000,11.25,12.83,263,100000111,10.45
9,00001001,12.65625,13.85,8,000001000,12.83
10,00001010,14.0625,15.91,9,000001001,13.85
11,00001011,15.46875,16.9,10,000001010,15.91
12,00001100,16.875,20.01,11,000001011,16.9
13,00001101,18.28125,20.95,267,100001011,17.79
14,00001110,19.6875,23.36,12,000001100,20.01
15,00001111,21.09375,24.32,13,000001101,20.95
16,00010000,22.5,22.76,16,000010000,22.76
17,00010001,23.90625,23.63,17,000010001,23.63
18,00010010,25.3125,25.38,18,000010010,25.38
19,00010011,26.71875,26.29,275,100010011,26.97
20,00010100,28.125,28.59,20,000010100,28.59
21,00010101,29.53125,29.44,21,000010101,29.44
22,00010110,30.9375,31.51,22,000010110,31.51
23,00010111,32.34375,32.34,23,000010111,32.34
24,00011000,33.75,35.28,279,100010111,33.13
25,00011001,35.15625,36.23,24,000011000,35.28
26,00011010,36.5625,38.25,25,000011001,36.23
27,00011011,37.96875,39.2,26,000011010,38.25
28,00011100,39.375,42.3,27,000011011,39.2
29,00011101,40.78125,43.24,283,100011011,40.07
30,00011110,42.1875,45.5,28,000011100,42.3
31,00011111,43.59375,46.5,29,000011101,43.24
32,00100000,45,45.49,32,000100000,45.49
33,00100001,46.40625,46.41,33,000100001,46.41
34,00100010,47.8125,48.36,287,100011111,47.4
35,00100011,49.21875,49.22,35,000100011,49.22
36,00100100,50.625,51.06,36,000100100,51.06
37,00100101,52.03125,51.94,37,000100101,51.94
38,00100110,53.4375,54.15,38,000100110,54.15
39,00100111,54.84375,55.08,294,100100110,54.94
40,00101000,56.25,58.4,295,100100111,55.82
41,00101001,57.65625,59.35,40,000101000,58.4
42,00101010,59.0625,61.47,296,100101000,59.2
43,00101011,60.46875,62.48,297,100101001,60.13
44,00101100,61.875,65,42,000101010,61.47
45,00101101,63.28125,66.01,299,100101011,63.28
46,00101110,64.6875,68.34,44,000101100,65
47,00101111,66.09375,69.38,45,000101101,66.01
48,00110000,67.5,68.23,301,100101101,66.82
49,00110001,68.90625,69.12,304,100110000,68.91
50,00110010,70.3125,70.94,303,100101111,70.22
51,00110011,71.71875,71.88,306,100110010,71.69
52,00110100,73.125,73.79,307,100110011,72.6
53,00110101,74.53125,74.68,308,100110100,74.5
54,00110110,75.9375,76.79,309,100110101,75.32
55,00110111,77.34375,77.68,310,100110110,77.51
56,00111000,78.75,80.77,311,100110111,78.43
57,00111001,80.15625,81.73,56,000111000,80.77
58,00111010,81.5625,83.7,312,100111000,81.57
59,00111011,82.96875,84.75,313,100111001,82.54
60,00111100,84.375,87.29,314,100111010,84.56
61,00111101,85.78125,88.28,315,100111011,85.61
62,00111110,87.1875,90.5,60,000111100,87.29
63,00111111,88.59375,91.53,61,000111101,88.28
64,01000000,90,89.44,320,101000000,90.15
65,01000001,91.40625,90.22,318,100111110,91.35
66,01000010,92.8125,92.06,322,101000010,92.87
67,01000011,94.21875,92.92,323,101000011,93.68
68,01000100,95.625,95.54,68,001000100,95.54
69,01000101,97.03125,96.33,325,101000101,97.08
70,01000110,98.4375,98.61,70,001000110,98.61
71,01000111,99.84375,99.4,327,101000111,100.2
72,01001000,101.25,102.81,327,101000111,100.2
73,01001001,102.65625,103.66,72,001001000,102.81
74,01001010,104.0625,105.88,328,101001000,103.71
75,01001011,105.46875,106.83,74,001001010,105.88
76,01001100,106.875,110.43,75,001001011,106.83
77,01001101,108.28125,111.34,331,101001011,107.8
78,01001110,109.6875,113.83,76,001001100,110.43
79,01001111,111.09375,114.79,77,001001101,111.34
80,01010000,112.5,112.37,80,001010000,112.37
81,01010001,113.90625,113.16,337,101010001,113.9
82,01010010,115.3125,114.97,82,001010010,114.97
83,01010011,116.71875,115.76,339,101010011,116.53
84,01010100,118.125,118.47,84,001010100,118.47
85,01010101,119.53125,119.24,340,101010100,119.25
86,01010110,120.9375,121.37,86,001010110,121.37
87,01010111,122.34375,122.22,87,001010111,122.22
88,01011000,123.75,125.35,343,101010111,123.01
89,01011001,125.15625,126.28,88,001011000,125.35
90,01011010,126.5625,128.35,89,001011001,126.28
91,01011011,127.96875,129.29,90,001011010,128.35
92,01011100,129.375,132.84,91,001011011,129.29
93,01011101,130.78125,133.77,347,101011011,130.23
94,01011110,132.1875,136.16,92,001011100,132.84
95,01011111,133.59375,137.13,93,001011101,133.77
96,01100000,135,135.04,96,001100000,135.04
97,01100001,136.40625,135.78,353,101100001,136.57
98,01100010,137.8125,137.55,351,101011111,138.05
99,01100011,139.21875,138.35,355,101100011,139.14
100,01100100,140.625,141.38,100,001100100,141.38
101,01100101,142.03125,142.14,101,001100101,142.14
102,01100110,143.4375,144.32,357,101100101,142.97
103,01100111,144.84375,145.09,103,001100111,145.09
104,01101000,146.25,148.39,359,101100111,145.96
105,01101001,147.65625,149.21,104,001101000,148.39
106,01101010,149.0625,151.42,105,001101001,149.21
107,01101011,150.46875,152.3,361,101101001,150.14
108,01101100,151.875,156.52,107,001101011,152.3
109,01101101,153.28125,157.37,363,101101011,153.31
110,01101110,154.6875,159.98,363,101101011,153.31
111,01101111,156.09375,160.88,108,001101100,156.52
112,01110000,157.5,158.11,364,101101100,157.54
113,01110001,158.90625,158.95,368,101110000,158.87
114,01110010,160.3125,160.59,114,001110010,160.59
115,01110011,161.71875,161.39,367,101101111,161.92
116,01110100,163.125,164.48,371,101110011,162.18
117,01110101,164.53125,165.25,116,001110100,164.48
118,01110110,165.9375,167.3,373,101110101,166.05
119,01110111,167.34375,168.1,118,001110110,167.3
120,01111000,168.75,171.12,375,101110111,168.94
121,01111001,170.15625,171.95,120,001111000,171.12
122,01111010,171.5625,174.05,121,001111001,171.95
123,01111011,172.96875,174.98,377,101111001,172.93
124,01111100,174.375,179.1,122,001111010,174.05
125,01111101,175.78125,179.99,379,101111011,175.93
126,01111110,177.1875,182.43,379,101111011,175.93
127,01111111,178.59375,183.35,124,001111100,179.1
128,10000000,180,184.18,125,001111101,179.99
129,10000001,181.40625,185.06,381,101111101,180.95
130,10000010,182.8125,186.82,126,001111110,182.43
131,10000011,184.21875,187.72,128,010000000,184.18
132,10000100,185.625,190.05,385,110000001,185.74
133,10000101,187.03125,190.87,130,010000010,186.82
134,10000110,188.4375,192.94,387,110000011,188.47
135,10000111,189.84375,193.83,132,010000100,190.05
136,10001000,191.25,196.97,389,110000101,191.62
137,10001001,192.65625,197.9,134,010000110,192.94
138,10001010,194.0625,199.89,135,010000111,193.83
139,10001011,195.46875,200.89,391,110000111,194.63
140,10001100,196.875,204.03,136,010001000,196.97
141,10001101,198.28125,205,137,010001001,197.9
142,10001110,199.6875,207.25,138,010001010,199.89
143,10001111,201.09375,208.28,139,010001011,200.89
144,10010000,202.5,207.19,395,110001011,201.83
145,10010001,203.90625,208.06,140,010001100,204.03
146,10010010,205.3125,209.73,141,010001101,205
147,10010011,206.71875,210.69,144,010010000,207.19
148,10010100,208.125,212.95,398,110001110,208.16
149,10010101,209.53125,213.82,146,010010010,209.73
150,10010110,210.9375,215.77,147,010010011,210.69
151,10010111,212.34375,216.73,148,010010100,212.95
152,10011000,213.75,219.53,404,110010100,213.73
153,10011001,215.15625,220.54,405,110010101,214.57
154,10011010,216.5625,222.39,406,110010110,216.54
155,10011011,217.96875,223.4,407,110010111,217.49
156,10011100,219.375,226.49,152,010011000,219.53
157,10011101,220.78125,227.44,153,010011001,220.54
158,10011110,222.1875,229.62,154,010011010,222.39
159,10011111,223.59375,230.59,155,010011011,223.4
160,10100000,225,229.33,411,110011011,224.32
161,10100001,226.40625,230.2,156,010011100,226.49
162,10100010,227.8125,232.08,157,010011101,227.44
163,10100011,229.21875,233.02,160,010100000,229.33
164,10100100,230.625,234.94,159,010011111,230.59
165,10100101,232.03125,235.82,162,010100010,232.08
166,10100110,233.4375,237.95,419,110100011,233.75
167,10100111,234.84375,238.88,164,010100100,234.94
168,10101000,236.25,242.15,421,110100101,236.54
169,10101001,237.65625,243.18,166,010100110,237.95
170,10101010,239.0625,245.18,167,010100111,238.88
171,10101011,240.46875,246.22,423,110100111,239.65
172,10101100,241.875,248.83,168,010101000,242.15
173,10101101,243.28125,249.86,169,010101001,243.18
174,10101110,244.6875,252.07,170,010101010,245.18
175,10101111,246.09375,253.11,426,110101010,246.01
176,10110000,247.5,252.09,427,110101011,247.09
177,10110001,248.90625,253,172,010101100,248.83
178,10110010,250.3125,254.8,429,110101101,250.65
179,10110011,251.71875,255.72,174,010101110,252.07
180,10110100,253.125,257.69,175,010101111,253.11
181,10110101,254.53125,258.52,178,010110010,254.8
182,10110110,255.9375,260.62,179,010110011,255.72
183,10110111,257.34375,261.55,180,010110100,257.69
184,10111000,258.75,264.53,181,010110101,258.52
185,10111001,260.15625,265.52,182,010110110,260.62
186,10111010,261.5625,267.42,183,010110111,261.55
187,10111011,262.96875,268.47,439,110110111,262.28
188,10111100,264.375,271.09,184,010111000,264.53
189,10111101,265.78125,272.08,185,010111001,265.52
190,10111110,267.1875,274.19,186,010111010,267.42
191,10111111,268.59375,275.26,187,010111011,268.47
192,11000000,270,274.09,443,110111011,269.34
193,11000001,271.40625,274.95,188,010111100,271.09
194,11000010,272.8125,276.78,445,110111101,272.92
195,11000011,274.21875,277.69,190,010111110,274.19
196,11000100,275.625,280.43,449,111000001,275.72
197,11000101,277.03125,281.24,194,011000010,276.78
198,11000110,278.4375,283.43,451,111000011,278.48
199,11000111,279.84375,284.34,196,011000100,280.43
200,11001000,281.25,287.79,197,011000101,281.24
201,11001001,282.65625,288.75,453,111000101,282.03
202,11001010,284.0625,290.93,199,011000111,284.34
203,11001011,285.46875,291.9,455,111000111,285.12
204,11001100,286.875,295.56,200,011001000,287.79
205,11001101,288.28125,296.54,456,111001000,288.74
206,11001110,289.6875,298.98,457,111001001,289.67
207,11001111,291.09375,299.98,202,011001010,290.93
208,11010000,292.5,297.2,459,111001011,292.89
209,11010001,293.90625,298.1,459,111001011,292.89
210,11010010,295.3125,299.83,204,011001100,295.56
211,11010011,296.71875,300.69,205,011001101,296.54
212,11010100,298.125,303.47,209,011010001,298.1
213,11010101,299.53125,304.34,210,011010010,299.83
214,11010110,300.9375,306.41,463,111001111,301
215,11010111,302.34375,307.28,467,111010011,301.51
216,11011000,303.75,310.49,212,011010100,303.47
217,11011001,305.15625,311.44,469,111010101,305.1
218,11011010,306.5625,313.5,214,011010110,306.41
219,11011011,307.96875,314.49,471,111010111,308.13
220,11011100,309.375,318.06,216,011011000,310.49
221,11011101,310.78125,319.06,216,011011000,310.49
222,11011110,312.1875,321.37,473,111011001,312.37
223,11011111,313.59375,322.38,218,011011010,313.5
224,11100000,315,320.13,475,111011011,315.43
225,11100001,316.40625,320.96,475,111011011,315.43
226,11100010,317.8125,322.71,220,011011100,318.06
227,11100011,319.21875,323.56,221,011011101,319.06
228,11100100,320.625,326.76,480,111100000,320.91
229,11100101,322.03125,327.52,478,111011110,322.35
230,11100110,323.4375,329.71,482,111100010,323.49
231,11100111,324.84375,330.53,483,111100011,324.36
232,11101000,326.25,333.88,228,011100100,326.76
233,11101001,327.65625,334.82,484,111100100,327.58
234,11101010,329.0625,336.98,230,011100110,329.71
235,11101011,330.46875,337.96,231,011100111,330.53
236,11101100,331.875,342.24,487,111100111,331.42
237,11101101,333.28125,343.16,232,011101000,333.88
238,11101110,334.6875,345.72,233,011101001,334.82
239,11101111,336.09375,346.65,489,111101001,335.78
240,11110000,337.5,343.36,235,011101011,337.96
241,11110001,338.90625,344.16,491,111101011,338.95
242,11110010,340.3125,345.86,491,111101011,338.95
243,11110011,341.71875,346.71,236,011101100,342.24
244,11110100,343.125,349.92,237,011101101,343.16
245,11110101,344.53125,350.79,241,011110001,344.16
246,11110110,345.9375,352.78,242,011110010,345.86
247,11110111,347.34375,353.61,499,111110011,347.56
248,11111000,348.75,356.72,495,111101111,347.7
249,11111001,350.15625,357.65,244,011110100,349.92
250,11111010,351.5625,359.73,501,111110101,351.57
251,11111011,352.96875,360.63,246,011110110,352.78
252,11111100,354.375,364.88,503,111110111,354.5
253,11111101,355.78125,365.84,248,011111000,356.72
254,11111110,357.1875,368.26,249,011111001,357.65
255,11111111,358.59375,369.23,505,111111001,358.64
